INLINE PersonalDataTable,First Like,Second Like,First Disike,Second Dislike,Age,Height
0x0,0x0000,0x0000,0x0000,0x0000,0x0000,0x0000
Sigurd,0x1,0x0000,0x0000,0x0000,0x0000,0x0000
Seliph,0xE,0x0000,0x0000,0x0000,0x0000,0x0000
Alec,0x0000,0x0000,0x0000,0x0000,0x0000,0x0000
Naoise,0x0000,0x0000,0x0000,0x0000,0x0000,0x0000
Arden,0x0000,0x0000,0x0000,0x0000,0x0000,0x0000
Azelle,0x0,0x0000,0x8,0x0000,0x0000,0x0000
Lex,0x0000,0x0000,0x6,0x0000,0x0000,0x0000
Quan,0x4,0x0000,0x0000,0x0000,0x0000,0x0000
Ethlyn,0x0000,0x0000,0x1,0x0000,0x0000,0x0000
Finn,0x0000,0x0000,0x0000,0x0000,0x0000,0x0000
Midir,0x0000,0x0000,0x0000,0x0000,0x0000,0x0000
Edain,0x0,0x0000,0x7,0x0000,0x0000,0x0000
Dew,0x0000,0x0000,0x0000,0x0000,0x0000,0x0000
Ayra,0x0000,0x0000,0x2,0x0000,0x0000,0x0000
Jamke,0x0000,0x0000,0x0000,0x0000,0x0000,0x0000
Deirdre,0xB,0x0000,0xC,0x0000,0x0000,0x0000
Lachesis,0x0,0x0000,0x3,0x0000,0x0000,0x0000
Chulainn,0x0000,0x0000,0x2,0x0000,0x0000,0x0000
Beowolf,0x0000,0x0000,0x0000,0x0000,0x0000,0x0000
Lewyn,0xA,0x0000,0x0000,0x0000,0x0000,0x0000
Silvia,0x0000,0x0000,0xD,0x0000,0x0000,0x0000
Erinys,0x0000,0x0000,0x0000,0x0000,0x0000,0x0000
Hopper,0x0000,0x0000,0x0000,0x0000,0x0000,0x0000
Indech,0x0000,0x0000,0x0000,0x0000,0x0000,0x0000
Claud,0xD,0x0000,0x0000,0x0000,0x0000,0x0000
Tailtiu,0x0000,0x0000,0x9,0x0000,0x0000,0x0000
Callista,0x0000,0x0000,0x5,0x0000,0x0000,0x0000
Brigid,0x7,0x0000,0x0000,0x0000,0x0000,0x0000
Larcei,0xE,0x0000,0x0000,0x0000,0x0000,0x0000
Creidne,0x0000,0x0000,0x0000,0x0000,0x0000,0x0000
Scathach,0xE,0x0000,0x0000,0x0000,0x0000,0x0000
Dalvin,0x0000,0x0000,0x0000,0x0000,0x0000,0x0000
Lana,0xE,0x0000,0x0000,0x0000,0x0000,0x0000
Muirne,0x0000,0x0000,0x0000,0x0000,0x0000,0x0000
Diarmuid,0xE,0x0000,0x0000,0x0000,0x0000,0x0000
Tristan,0x0000,0x0000,0x0000,0x0000,0x0000,0x0000
Lester,0xE,0x0000,0x0000,0x0000,0x0000,0x0000
Deimne,0x0000,0x0000,0x0000,0x0000,0x0000,0x0000
Fee,0xE,0x0000,0x0000,0x0000,0x0000,0x0000
Hermina,0x0000,0x0000,0x0000,0x0000,0x0000,0x0000
Arthur,0xE,0x0000,0x0000,0x0000,0x0000,0x0000
Amid,0x0000,0x0000,0x9,0x0000,0x0000,0x0000
Patty,0xE,0x0000,0x0000,0x0000,0x0000,0x0000
Daisy,0x0000,0x0000,0x0000,0x0000,0x0000,0x0000
Nanna,0xE,0x0000,0x0000,0x0000,0x0000,0x0000
Jeanne,0x0000,0x0000,0x0000,0x0000,0x0000,0x0000
Lene,0xE,0x0000,0x0000,0x0000,0x0000,0x0000
Laylea,0x0000,0x0000,0x0000,0x0000,0x0000,0x0000
Zagreus,0xE,0x0000,0x0000,0x0000,0x0000,0x0000
Melchior,0x0000,0x0000,0x0000,0x0000,0x0000,0x0000
Tine,0xE,0x0000,0x0000,0x0000,0x0000,0x0000
Linda,0x0000,0x0000,0x9,0x0000,0x0000,0x0000
Febail,0xE,0x0000,0x0000,0x0000,0x0000,0x0000
Asaello,0x0000,0x0000,0x0000,0x0000,0x0000,0x0000
Persephone,0xE,0x0000,0x0000,0x0000,0x0000,0x0000
Nehalennia,0x0000,0x0000,0x0000,0x0000,0x0000,0x0000
Ced,0xE,0x0000,0x0000,0x0000,0x0000,0x0000
Hawk,0x0000,0x0000,0x0000,0x0000,0x0000,0x0000
Coirpre,0xE,0x0000,0x0000,0x0000,0x0000,0x0000
Charlot,0x0000,0x0000,0x0000,0x0000,0x0000,0x0000
Oifey (Adult),0x0000,0x0000,0x1,0x0000,0x0000,0x0000
Julia,0xB,0x0000,0x8,0x0000,0x0000,0x0000
Iuchar,0x0000,0x0000,0x6,0x0000,0x0000,0x0000
Iucharba,0x0000,0x0000,0x6,0x0000,0x0000,0x0000
Shannan (Adult),0x2,0x0000,0x0000,0x0000,0x0000,0x0000
Ares,0x3,0x0000,0x0000,0x0000,0x0000,0x0000
Aife,0x0000,0x0000,0x0000,0x0000,0x0000,0x0000
Leif,0xE,0x0000,0x0000,0x0000,0x0000,0x0000
Clement,0x0000,0x0000,0x0000,0x0000,0x0000,0x0000
Hannibal,0x0000,0x0000,0x0000,0x0000,0x0000,0x0000
Shannam,0x0000,0x0000,0x0000,0x0000,0x0000,0x0000
Altena,0xE,0x0000,0x0000,0x0000,0x0000,0x0000
Saias,0x8,0x0000,0xC,0x0000,0x0000,0x0000
Arion,0x5,0x0000,0x0000,0x0000,0x0000,0x0000
DiMaggio,0x0000,0x0000,0x0000,0x0000,0x0000,0x0000
Gerrard,0x0000,0x0000,0x0000,0x0000,0x0000,0x0000
Cimbaeth,0x0000,0x0000,0x0000,0x0000,0x0000,0x0000
Munnir,0x0000,0x0000,0x0000,0x0000,0x0000,0x0000
Burkaul,0x0000,0x0000,0x0000,0x0000,0x0000,0x0000
Sandima,0x0000,0x0000,0x0000,0x0000,0x0000,0x0000
Elliot,0x0000,0x0000,0x0000,0x0000,0x0000,0x0000
Graham,0x0000,0x0000,0x0000,0x0000,0x0000,0x0000
Philip,0x0000,0x0000,0x0000,0x0000,0x0000,0x0000
Bordeaux,0x0000,0x0000,0x0000,0x0000,0x0000,0x0000
Banquo,0x0000,0x0000,0x0000,0x0000,0x0000,0x0000
Ross,0x0000,0x0000,0x0000,0x0000,0x0000,0x0000
Macbeth,0x0000,0x0000,0x0000,0x0000,0x0000,0x0000
Waltz,0x0000,0x0000,0x0000,0x0000,0x0000,0x0000
Elling,0x0000,0x0000,0x0000,0x0000,0x0000,0x0000
Payne,0x0000,0x0000,0x0000,0x0000,0x0000,0x0000
Zane,0x0000,0x0000,0x0000,0x0000,0x0000,0x0000
Chagall,0x0000,0x0000,0x3,0x0000,0x0000,0x0000
Lino,0x0000,0x0000,0x0000,0x0000,0x0000,0x0000
Jacobin,0x0000,0x0000,0x0000,0x0000,0x0000,0x0000
Estrella,0x0000,0x0000,0x0000,0x0000,0x0000,0x0000
Othello,0x0000,0x0000,0x0000,0x0000,0x0000,0x0000
Papillon,0x0000,0x0000,0x0000,0x0000,0x0000,0x0000
Pizare,0x0000,0x0000,0x0000,0x0000,0x0000,0x0000
Duvall,0x0000,0x0000,0x0000,0x0000,0x0000,0x0000
Cuvuli,0x0000,0x0000,0x0000,0x0000,0x0000,0x0000
Marlon,0x0000,0x0000,0x0000,0x0000,0x0000,0x0000
Snevejr,0x0000,0x0000,0x0000,0x0000,0x0000,0x0000
Dithorba,0x0000,0x0000,0x0000,0x0000,0x0000,0x0000
Myos,0x0000,0x0000,0xA,0x0000,0x0000,0x0000
Ivan,0x0000,0x0000,0xA,0x0000,0x0000,0x0000
Pamela,0x0000,0x0000,0x0000,0x0000,0x0000,0x0000
Donovan,0x0000,0x0000,0x0000,0x0000,0x0000,0x0000
Lamia,0x0000,0x0000,0x0000,0x0000,0x0000,0x0000
Daccar,0x0000,0x0000,0xA,0x0000,0x0000,0x0000
Slayder,0x0000,0x0000,0x0000,0x0000,0x0000,0x0000
Andrey,0x0000,0x0000,0x7,0x0000,0x0000,0x0000
Lombard,0x6,0x0000,0x0000,0x0000,0x0000,0x0000
Magorn,0x0000,0x0000,0x0000,0x0000,0x0000,0x0000
Vaja,0x0000,0x0000,0x0000,0x0000,0x0000,0x0000
Reptor,0x9,0x0000,0x0000,0x0000,0x0000,0x0000
Harold,0x0000,0x0000,0x0000,0x0000,0x0000,0x0000
Schmidt,0x0000,0x0000,0x0000,0x0000,0x0000,0x0000
Danann,0x6,0x0000,0x0000,0x0000,0x0000,0x0000
Kutuzov,0x0000,0x0000,0x0000,0x0000,0x0000,0x0000
Liza,0x0000,0x0000,0x0000,0x0000,0x0000,0x0000
Ishtore,0x0000,0x0000,0x9,0x0000,0x0000,0x0000
Javarro,0x0000,0x0000,0x0000,0x0000,0x0000,0x0000
Bramsel,0x0000,0x0000,0x0000,0x0000,0x0000,0x0000
Banba,0x0000,0x0000,0x0000,0x0000,0x0000,0x0000
Eriu,0x0000,0x0000,0x0000,0x0000,0x0000,0x0000
Fotla,0x0000,0x0000,0x0000,0x0000,0x0000,0x0000
Tonnamin,0x0000,0x0000,0x0000,0x0000,0x0000,0x0000
Bloom,0x9,0x0000,0x0000,0x0000,0x0000,0x0000
Muhammad,0x0000,0x0000,0x0000,0x0000,0x0000,0x0000
Ovo,0x0000,0x0000,0x0000,0x0000,0x0000,0x0000
Reinhardt,0x0000,0x0000,0x0000,0x0000,0x0000,0x0000
Ishtar,0x9,0x0000,0x0000,0x0000,0x0000,0x0000
Coulter,0x0000,0x0000,0x0000,0x0000,0x0000,0x0000
Maykov,0x0000,0x0000,0x0000,0x0000,0x0000,0x0000
Kanatz,0x0000,0x0000,0x0000,0x0000,0x0000,0x0000
Distler,0x0000,0x0000,0x0000,0x0000,0x0000,0x0000
Travant,0x5,0x0000,0x0000,0x0000,0x0000,0x0000
Musar,0x0000,0x0000,0xA,0x0000,0x0000,0x0000
Judah,0x0000,0x0000,0x0000,0x0000,0x0000,0x0000
Leidan,0x0000,0x0000,0x0000,0x0000,0x0000,0x0000
Lance,0x0000,0x0000,0x0000,0x0000,0x0000,0x0000
Lancelot,0x0000,0x0000,0x0000,0x0000,0x0000,0x0000
Riddell,0x0000,0x0000,0xB,0x0000,0x0000,0x0000
Hilda,0x0000,0x0000,0x8,0x0000,0x0000,0x0000
Morrigan,0x0000,0x0000,0x0000,0x0000,0x0000,0x0000
Zagam,0x0000,0x0000,0x0000,0x0000,0x0000,0x0000
Arvis (Gen 2),0x8,0x0000,0xC,0x0000,0x0000,0x0000
Roberto,0x0000,0x0000,0x0000,0x0000,0x0000,0x0000
Boyce,0x0000,0x0000,0x0000,0x0000,0x0000,0x0000
Rodan,0x0000,0x0000,0xD,0x0000,0x0000,0x0000
Juphiel,0x0000,0x0000,0x0000,0x0000,0x0000,0x0000
Fisher,0x0000,0x0000,0x0000,0x0000,0x0000,0x0000
Brian,0x6,0x0000,0x0000,0x0000,0x0000,0x0000
Dahlia,0x0000,0x0000,0x0000,0x0000,0x0000,0x0000
Dagon,0x0000,0x0000,0x0000,0x0000,0x0000,0x0000
Scipio,0x0000,0x0000,0x7,0x0000,0x0000,0x0000
Baran,0x0000,0x0000,0x0000,0x0000,0x0000,0x0000
Meng,0x0000,0x0000,0xA,0x0000,0x0000,0x0000
Bleg,0x0000,0x0000,0xA,0x0000,0x0000,0x0000
Mabel,0x0000,0x0000,0xA,0x0000,0x0000,0x0000
Veld,0x0000,0x0000,0x0000,0x0000,0x0000,0x0000
Manfroy,0x0000,0x0000,0x0000,0x0000,0x0000,0x0000
Julius,0xC,0x0000,0x8,0x0000,0x0000,0x0000
Julius (Loptous),0xC,0x0000,0x0000,0x0000,0x0000,0x0000
Deadlord,0x0000,0x0000,0x0000,0x0000,0x0000,0x0000
Legion,0x0000,0x0000,0x0000,0x0000,0x0000,0x0000
Hodr,0x3,0x0000,0x0000,0x0000,0x0000,0x0000
Od,0x2,0x0000,0x0000,0x0000,0x0000,0x0000
Njorun,0x4,0x0000,0x0000,0x0000,0x0000,0x0000
Dainn,0x5,0x0000,0x0000,0x0000,0x0000,0x0000
Nal,0x6,0x0000,0x0000,0x0000,0x0000,0x0000
Ullr,0x7,0x0000,0x0000,0x0000,0x0000,0x0000
Bragi,0xD,0x0000,0x0000,0x0000,0x0000,0x0000
Fjalar,0x8,0x0000,0x0000,0x0000,0x0000,0x0000
Thrud,0x9,0x0000,0x0000,0x0000,0x0000,0x0000
Ced (Seti),0xA,0x0000,0x0000,0x0000,0x0000,0x0000
Verdane (1),0x0000,0x0000,0x0000,0x0000,0x0000,0x0000
Verdane (2),0x0000,0x0000,0x0000,0x0000,0x0000,0x0000
Heirhein,0x0000,0x0000,0x0000,0x0000,0x0000,0x0000
Anphony,0x0000,0x0000,0x0000,0x0000,0x0000,0x0000
Mackily,0x0000,0x0000,0x0000,0x0000,0x0000,0x0000
Silesse,0x0000,0x0000,0x0000,0x0000,0x0000,0x0000
Agusty,0x0000,0x0000,0x0000,0x0000,0x0000,0x0000
Madino,0x0000,0x0000,0x0000,0x0000,0x0000,0x0000
Silvail,0x0000,0x0000,0x0000,0x0000,0x0000,0x0000
Orgahil,0x0000,0x0000,0x0000,0x0000,0x0000,0x0000
CrossKnight,0x0000,0x0000,0x0000,0x0000,0x0000,0x0000
Thove,0x0000,0x0000,0x0000,0x0000,0x0000,0x0000
Zaxon,0x0000,0x0000,0x0000,0x0000,0x0000,0x0000
BeigeRitter,0x0000,0x0000,0x0000,0x0000,0x0000,0x0000
Assassin,0x0000,0x0000,0x0000,0x0000,0x0000,0x0000
Lubeck,0x0000,0x0000,0x0000,0x0000,0x0000,0x0000
Thracia,0x0000,0x0000,0x0000,0x0000,0x0000,0x0000
Velthomer,0x0000,0x0000,0x0000,0x0000,0x0000,0x0000
Friege,0x0000,0x0000,0x0000,0x0000,0x0000,0x0000
Ganeishire,0x0000,0x0000,0x0000,0x0000,0x0000,0x0000
Sophara,0x0000,0x0000,0x0000,0x0000,0x0000,0x0000
Isaach,0x0000,0x0000,0x0000,0x0000,0x0000,0x0000
Rivough,0x0000,0x0000,0x0000,0x0000,0x0000,0x0000
Loptrian,0x0000,0x0000,0x0000,0x0000,0x0000,0x0000
Alster,0x0000,0x0000,0x0000,0x0000,0x0000,0x0000
Melgen,0x0000,0x0000,0x0000,0x0000,0x0000,0x0000
Connaught,0x0000,0x0000,0x0000,0x0000,0x0000,0x0000
Kapathogia,0x0000,0x0000,0x0000,0x0000,0x0000,0x0000
Grutia,0x0000,0x0000,0x0000,0x0000,0x0000,0x0000
Grannvale,0x0000,0x0000,0x0000,0x0000,0x0000,0x0000
Miletos,0x0000,0x0000,0x0000,0x0000,0x0000,0x0000
RotenRitter,0x0000,0x0000,0x0000,0x0000,0x0000,0x0000
Edda,0x0000,0x0000,0x0000,0x0000,0x0000,0x0000
GrauenRitter,0x0000,0x0000,0x0000,0x0000,0x0000,0x0000
GelbenRitter,0x0000,0x0000,0x0000,0x0000,0x0000,0x0000
Belhalla,0x0000,0x0000,0x0000,0x0000,0x0000,0x0000
Ruffian,0x0000,0x0000,0x0000,0x0000,0x0000,0x0000
Mercenary,0x0000,0x0000,0x0000,0x0000,0x0000,0x0000
-,0x0000,0x0000,0x0000,0x0000,0x0000,0x0000
-,0x0000,0x0000,0x0000,0x0000,0x0000,0x0000
-,0x0000,0x0000,0x0000,0x0000,0x0000,0x0000
Bartholomew,0x0000,0x0000,0x7,0x0000,0x0000,0x0000
Peksimet,0x0000,0x0000,0x0000,0x0000,0x0000,0x0000
Shamash,0x0000,0x0000,0x8,0x0000,0x0000,0x0000
-,0x0000,0x0000,0x0000,0x0000,0x0000,0x0000
-,0x0000,0x0000,0x0000,0x0000,0x0000,0x0000
-,0x0000,0x0000,0x0000,0x0000,0x0000,0x0000
-,0x0000,0x0000,0x0000,0x0000,0x0000,0x0000
-,0x0000,0x0000,0x0000,0x0000,0x0000,0x0000
Leonster,0x0000,0x0000,0x0000,0x0000,0x0000,0x0000
AnnandSquad,0x0000,0x0000,0x0000,0x0000,0x0000,0x0000
Eldigan,0x3,0x0000,0x0,0x0000,0x0000,0x0000
Annand,0x0000,0x0000,0x0000,0x0000,0x0000,0x0000
Arvis,0x8,0x0000,0xC,0x0000,0x0000,0x0000
Eve,0x0000,0x0000,0x0000,0x0000,0x0000,0x0000
Eva,0x0000,0x0000,0x0000,0x0000,0x0000,0x0000
Alva,0x0000,0x0000,0x0000,0x0000,0x0000,0x0000
Henson,0xB,0x0000,0x0000,0x0000,0x0000,0x0000
Byron,0x1,0x0000,0x0000,0x0000,0x0000,0x0000
Aida,0x0000,0x0000,0x0000,0x0000,0x0000,0x0000
Palmarch,0x0000,0x0000,0x0000,0x0000,0x0000,0x0000
Augury,0x0000,0x0000,0x0000,0x0000,0x0000,0x0000
ArenaGuy,0x0000,0x0000,0x0000,0x0000,0x0000,0x0000
BlacksmithGuy,0x0000,0x0000,0x0000,0x0000,0x0000,0x0000
VendorDude,0x0000,0x0000,0x0000,0x0000,0x0000,0x0000
PawnshopGuy,0x0000,0x0000,0x0000,0x0000,0x0000,0x0000
Anna,0x0000,0x0000,0x0000,0x0000,0x0000,0x0000
Jake,0x0000,0x0000,0x0000,0x0000,0x0000,0x0000
Arena (1),0x0000,0x0000,0x0000,0x0000,0x0000,0x0000
Arena (2),0x0000,0x0000,0x0000,0x0000,0x0000,0x0000
Arena (3),0x0000,0x0000,0x0000,0x0000,0x0000,0x0000
Arena (4),0x0000,0x0000,0x0000,0x0000,0x0000,0x0000
Arena (5),0x0000,0x0000,0x0000,0x0000,0x0000,0x0000
Arena (6),0x0000,0x0000,0x0000,0x0000,0x0000,0x0000
Arena (7),0x0000,0x0000,0x0000,0x0000,0x0000,0x0000
-,0x0000,0x0000,0x0000,0x0000,0x0000,0x0000
Enemy (Arena),0x0000,0x0000,0x0000,0x0000,0x0000,0x0000
Wall,0x0000,0x0000,0x0000,0x0000,0x0000,0x0000
Snag,0x0000,0x0000,0x0000,0x0000,0x0000,0x0000
